Temperature_F,Oxygen_Level,Respiratory_Rate,Heart_Rate,Blood_Pressure_Systolic,Blood_Pressure_Diastolic,Age,Cough_Frequency,Fever_Duration,Symptoms
98.12096738327783,98.49546190929995,17.13553673551525,80.01426757026081,143.32384014954903,80.50743958855266,49,0,3,0
98.29307524178361,97.99948316855503,16.296363462758297,85.60638578821411,105.28199497143676,84.94599891881714,54,0,0,0
99.00659262311339,92.59375933088246,18.344871564784484,68.31025172683314,101.42653723277476,96.78305509822896,29,3,6,1
101.96720990901584,84.53102997982468,17.06280002192066,66.31915774595512,107.6302300852339,61.25531125140488,66,8,3,1
97.41859713446169,92.89976267686242,17.498211353928646,69.54962384652909,149.26920128603632,96.10820309392503,72,5,5,0
101.48543661821792,95.69602055478408,19.617913658040326,62.32617698487665,119.39872293940495,85.27960427026474,30,2,6,1
96.82464024808318,95.00906805597339,16.4539686024387,76.10299578633422,127.94153267480704,76.32237217346973,40,0,3,1
98.94345564834565,98.77967640895827,15.458075475664522,70.69974614150084,117.2416239340797,74.52276517040671,42,3,2,0
98.0909205602327,104.66771314714995,16.892578696003834,87.30211353644378,118.6488205022969,90.4367564536875,52,8,1,1
97.3770935952171,97.06937418625404,18.272484634238527,62.087756378025304,112.4117992014856,82.2897853818854,58,2,6,1
